{
  "Scripts": [
            { "name": "Hard disk space usage", 
              "author": "Nigel Thomas", "description": "This script is used to get the hard disk usage on computers.", 
              "folder": "computer", 
              "file": "Get-Diskspace.ps1", 
              "authtype": "credential", 
              "template": "FSHardDiskUsage.tpl", 
              "callback" : "", 
              "warn" : "false" } ,

            { "name": "Ping Sweep", 
              "author": "Nigel Thomas", 
              "description": "This script is used to ping computers and return their status", 
              "folder": "computer",               
              "file": "Get-PingSweep.ps1", 
              "authtype": "credential", 
              "template": "FSWOL.tpl", 
              "callback" : "", 
              "warn" : "false" },

            { "name": "Installed Product status", 
              "author": "Nigel Thomas", "description": "This script is used to find out if a product is installed on a computer.",               
              "folder": "computer", 
              "file": "Get-InstalledProduct.ps1", 
              "authtype": "credential", "template": 
              "FSDefault.tpl", 
              "callback" : "", 
              "warn" : "false"},

            { "name": "Shutdown Computer", 
              "author": "Nigel Thomas", 
              "description": "This script is used to shutdown computers", 
              "folder": "computer",               
              "file": "Invoke-ShutdownComputer.ps1", 
              "authtype": "credential", 
              "template": "FSWOL.tpl", 
              "callback" : "", 
              "warn" : "true" },

            { "name": "Server Checklist", 
              "author": "Nigel Thomas", "description": "This script is used to automate daily checks of servers.", 
             "folder": "checklist",              
             "file": "Invoke-ServerCheckList.ps1", 
             "authtype": "credential", 
             "template": "FSServerChecklist.tpl", 
             "callback" : "", 
             "warn" : "false"},

            { "name": "SQL Server Checklist", 
              "author": "Nigel Thomas", 
             "description": "This script is used to automate daily checks of database servers.", 
             "folder": "checklist", 
             "file": "Invoke-SQLServerCheckList.ps1", 
             "authtype": "combined", 
             "template": "FSSQLServerChecklist.tpl", 
             "callback" : "", 
              "warn" : "false" },

            { "name": "Failed SQL Server Agent Jobs", 
              "author": "Nigel Thomas", 
              "description": "This script is used to get the failed SQL Server Agent Jobs.", 
              "folder": "database", 
              "file": "Get-FailedSQLAgentJobs.ps1", 
              "authtype": "combined", 
              "template": "FSSQLJobStatus.tpl", 
              "callback" : "", 
              "warn" : "false" },

            { "name": "SQL Server Blocked Processes", 
              "author": "Nigel Thomas", 
              "description": "This script is used to get blocked processes on SQL Server.", 
              "folder": "database", 
              "file": "Get-BlockedProcess.ps1", 
              "authtype": "combined", 
              "template": "FSSQLServerBlockedProcess.tpl", 
              "callback" : "Kill SPID", 
              "warn" : "false" },

            { "name": "Antivirus Status", 
              "author": "Nigel Thomas", 
              "description": "This script is used to get Antivirus Product Information.", 
              "folder": "security",               "file": "Get-AntivirusProduct.ps1", 
              "authtype": "credential", 
              "template": "FSAntiVirusProduct.tpl", 
              "callback" : "", 
              "warn" : "false" },

            { "name": "Suspicious Applications", 
              "author": "Nigel Thomas", "description": "This script is used to review recenlty used applications that might contain malware.", 
              "folder": "security", 
              "file": "Get-SuspiciousApps.ps1", 
              "authtype": "credential", "template": 
              "FSDefault.tpl", 
              "callback" : "", 
              "warn" : "false" },

            { "name": "Recently Used Applications", 
              "author": "Nigel Thomas", "description": "This script is used to review recenlty used applications on a computer.",               
              "folder": "security", 
              "file": "Get-RecentApps.ps1", 
              "authtype": "credential", 
              "template": "FSDefault.tpl", 
              "callback" : "", 
              "warn" : "false" },

            { "name": "Add Local Administrator", 
              "author": "Nigel Thomas", 
             "description": "This script is used to create and/or add a user to the Local Administrators Group.", 
             "folder": "security", 
             "file": "Add-LocalAdministrator.ps1", 
             "authtype": "combined", 
             "template": "FSDefault.tpl", 
             "callback" : "", 
             "warn" : "true" },

            { "name": "Reset Default Administrator", 
              "author": "Nigel Thomas", 
             "description": "This script is used to disable, rename and change the password for the default Local Administrator account.", 
             "folder": "security", 
             "file": "Set-DefaultAdminAccount.ps1", 
             "authtype": "combined", 
             "template": "FSDefault.tpl", 
             "callback" : "", 
             "warn" : "true" },

            { "name": "Get Administrators Group Members", 
              "author": "Nigel Thomas", 
              "description": "This script is used to get the members of the Local Administrators group.", 
              "folder": "security", 
              "file": "Get-LocalAdminMembers.ps1", 
              "authtype": "credential", 
              "template": "FSDefault.tpl", 
              "callback" : "", 
              "warn" : "false" },

            { "name": "Remove Administrators Group Members", 
              "author": "Nigel Thomas", "description": "This script is used to remove all users from the Local Administrators group.", 
             "folder": "security", 
             "file": "Remove-LocalAdminMembers.ps1", 
             "authtype": "combined", 
             "template": "FSDefault.tpl", 
             "callback" : "", 
             "warn" : "true" },

            { "name": "Get Windows Update Status", 
              "author": "Nigel Thomas", 
              "description": "This script is used to get the status of Windows Update on a computer.",               "folder": "security", 
             "file": "Get-WUAUpdateStatus.ps1", 
             "authtype": "combined", 
             "template": "FSDefault.tpl", 
             "callback" : "", 
             "warn" : "false" }
           ]
}


